No. of App.,Application date,Acceptance date,Description of project and contract works,Project postcode,Claimed amount (ex GST),Amount of Payment Schedule (ex GST),Section of Act application made under,Business Type/Activity (Claimant),Business Structure (Claimant),Claimant advisers,Business Type/Activity (Respondent),Business Structure (Respondent),Respondent advisers,Determination status,Determination completion date,Reasons if the application is not determined,s21(2B) new reasons provided by Respondent,s22(4)(b) extension of time sought,Determination released,Determination released date,Adjudicated amount (ex GST),Total Adjudicator fee (ex GST),Adjudicator's fee payable by Claimant %,Adjudicator's fee payable by Respondent %,Adjudicator's fee payable by Claimant (ex GST),Adjudicator's fee payable by Respondent (ex GST),Adjudication Certificate issued,Adjudication Certificate fee (ex GST),Date Adjudication Certificate issued,Region name,Description of work processed,Work category,Adjudicate ratio,Log claimed amount,Business Days between Application and Acceptance,Business Days between Acceptance and Completion,Business Days between Completion and Release,Adjudicate ratio bin,Adjudicate ratio binary
1,2021-05-11,2021-05-14,Concrete polishing,3186,11327.27,,s.18(1)(b),Trade subcontractor,Partnership,None,Head contractor,Pty Ltd Company,None,Determined,2021-05-28,,No,No,Yes,2021-05-28,11327.27,990.0,0.0,1.0,,990.0,Yes,100.0,2021-12-20,Southern Metropolitan,concrete polishing,2,1.0,9.334968371766625,4,11,1,H,1
2,2021-05-21,2021-05-26,Design and construction works,3039,202230.09,0.0,s.18(1)(a)(i),Head contractor,Pty Ltd Company,Solicitors,Developer,Pty Ltd Company,Solicitors,Determined,2021-06-17,,No,Yes,Yes,2021-07-05,21274.43,35420.0,0.5,0.5,17710.0,17710.0,Yes,0.0,2021-08-31,Northern Metropolitan,design construction works,0,0.1051991323348568,12.217161387553324,4,16,13,L,0
3,2021-06-10,2021-06-16,Supply and installation of joinery,3186,19456.93,0.0,s.18(1)(b),Trade subcontractor,Pty Ltd Company,None,Head contractor,Pty Ltd Company,None,Determined,2021-06-30,,No,No,Yes,2021-07-02,0.0,2331.82,1.0,0.0,2331.82,0.0,,,,Southern Metropolitan,supply installation joinery,1,0.0,9.875958583787975,4,11,3,L,0
4,2021-06-21,2021-06-24,Shop fit-out,3141,73212.33,,s.18(1)(b),Trade subcontractor,Pty Ltd Company,None,Major subcontractor,Pty Ltd Company,None,Determined,2021-07-02,,No,No,Yes,2021-07-05,73212.33,5727.27,0.0,1.0,0.0,5727.27,Yes,500.0,2021-07-16,Southern Metropolitan,shop fitout,2,1.0,11.201119128387488,4,7,2,H,1
6,2021-06-27,2021-06-30,Brickwork,3186,3696.0,,s.18(1)(b),Trade subcontractor,Sole Trader,None,Head contractor,Pty Ltd Company,None,Determined,2021-07-14,,No,No,Yes,2021-07-26,0.0,777.27,1.0,0.0,777.27,0.0,No,,,Southern Metropolitan,brickwork,2,0.0,8.215006432761575,3,11,9,L,0
7,2021-06-30,2021-07-01,Design and construction works,3128,910630.08,0.0,s.18(1)(a)(i),Head contractor,Pty Ltd Company,Solicitors,Developer,Pty Ltd Company,Solicitors,Determined,2021-07-22,,Yes,Yes,Yes,2021-07-22,804596.95,24200.0,0.5,0.5,12100.0,12100.0,Yes,0.0,2021-08-03,North-Eastern Metropolitan,design construction works,0,0.8835606989832798,13.721892034502181,2,16,1,H,1
9,2021-07-01,2021-07-06,Supply and install concrete structural works,3134,214920.83,0.0,s.18(1)(a)(i),Trade subcontractor,Pty Ltd Company,Claim preparer,Head contractor,Pty Ltd Company,None,Determined,2021-07-20,,No,No,Yes,2021-07-22,161942.57,9818.18,0.0,1.0,0.0,9818.18,Yes,500.0,2021-08-20,North-Eastern Metropolitan,supply install concrete structural works,6,0.7534987185746491,12.278025006737403,4,11,3,H,1
10,2021-07-02,2021-07-07,Remediation of contaminated land,3962,2245036.36,0.0,s.18(1)(a)(i),Major subcontractor,Ltd Company,Solicitors,Head contractor,Pty Ltd Company,None,Determined,2021-07-22,,Yes,Yes,Yes,2021-07-23,0.0,22090.91,1.0,0.0,22090.91,0.0,No,,,Eastern Victoria,remediation contaminated land,2,0.0,14.624232275018429,4,12,2,L,0
11,2021-07-02,2021-07-07,"Supply and install drainer, sewer and stormwater and metal roof ",3498,23117.93,,s.18(1)(b),Trade subcontractor,Sole Trader,Solicitors,Head contractor,Pty Ltd Company,None,Determined,2021-07-28,,No,No,Yes,2021-08-02,23117.93,818.18,0.0,1.0,0.0,818.18,No,,,Northern Victoria,supply install drainer sewer stormwater metal roof ,3,1.0,10.048363785906036,4,16,4,H,1
12,2021-07-02,2021-07-07,"Supply and install drainer, sewer and stormwater and temp fence hire",3498,25560.12,,s.18(1)(b),Trade subcontractor,Sole Trader,Solicitors,Head contractor,Pty Ltd Company,None,Determined,2021-07-28,,No,No,Yes,2021-08-02,25560.12,818.18,0.0,1.0,0.0,818.18,No,,,Northern Victoria,supply install drainer sewer stormwater temp fence hire,1,1.0,10.148788603316131,4,16,4,H,1
13,2021-07-02,2021-07-07,"Supply and install drainer, sewer and stormwater ",3500,5185.0,,s.18(1)(b),Trade subcontractor,Sole Trader,Solicitors,Head contractor,Pty Ltd Company,None,Determined,2021-07-28,,No,No,Yes,2021-08-02,5185.0,613.64,0.0,1.0,0.0,613.64,No,,,Northern Victoria,supply install drainer sewer stormwater ,1,1.0,8.553525120663627,4,16,4,H,1
15,2021-07-02,2021-07-07,"Supply and install metal roof, rough in and fit off",3500,13172.13,,s.18(1)(b),Trade subcontractor,Sole Trader,Solicitors,Head contractor,Pty Ltd Company,None,Determined,2021-07-28,,No,No,Yes,2021-08-02,13172.13,818.18,0.0,1.0,0.0,818.18,No,,,Northern Victoria,supply install metal roof rough fit,3,1.0,9.485858512867534,4,16,4,H,1
16,2021-07-02,2021-07-07,Supply and install roof downpipes and  fit off and drainage roll,3500,4472.91,,s.18(1)(b),Trade subcontractor,Sole Trader,Solicitors,Head contractor,Pty Ltd Company,None,Determined,2021-07-28,,No,No,Yes,2021-08-02,4472.91,613.64,0.0,1.0,0.0,613.64,No,,,Northern Victoria,supply install roof downpipes  fit drainage roll,3,1.0,8.405794482506078,4,16,4,H,1
17,2021-07-02,2021-07-07,Supply and install roof downpipes and plumber fit off,3500,13950.86,,s.18(1)(b),Trade subcontractor,Sole Trader,Solicitors,Head contractor,Pty Ltd Company,None,Determined,2021-07-28,,No,No,Yes,2021-08-02,13950.86,818.18,0.0,1.0,0.0,818.18,No,,,Northern Victoria,supply install roof downpipes plumber fit,1,1.0,9.543296434094826,4,16,4,H,1
18,2021-07-02,2021-07-07,Supply and install roof downpipes and plumber fit off,3500,12495.49,,s.18(1)(b),Trade subcontractor,Sole Trader,Solicitors,Head contractor,Pty Ltd Company,None,Determined,2021-07-28,,No,No,Yes,2021-08-02,12495.49,818.18,0.0,1.0,0.0,818.18,No,,,Northern Victoria,supply install roof downpipes plumber fit,1,1.0,9.433123058186412,4,16,4,H,1
19,2021-07-02,2021-07-07,"Supply and install roofing, downpipes and roof edge protection",3500,21129.92,,s.18(1)(b),Trade subcontractor,Sole Trader,Solicitors,Head contractor,Pty Ltd Company,None,Determined,2021-07-28,,No,No,Yes,2021-08-02,21129.92,818.18,0.0,1.0,0.0,818.18,No,,,Northern Victoria,supply install roofing downpipes roof edge protection,1,1.0,9.958445324516802,4,16,4,H,1
20,2021-07-02,2021-07-07,"Supply and install stormwater, fit off and range hood plumber",3500,6187.7,,s.18(1)(b),Trade subcontractor,Sole Trader,Solicitors,Head contractor,Pty Ltd Company,None,Determined,2021-07-28,,No,No,Yes,2021-08-02,6187.7,613.64,0.0,1.0,0.0,613.64,No,,,Northern Victoria,supply install stormwater fit range hood plumber,1,1.0,8.730318729586884,4,16,4,H,1
21,2021-07-02,2021-07-07,"Supply and install stormwater, fit off and solar panel",3500,4576.02,,s.18(1)(b),Trade subcontractor,Sole Trader,Solicitors,Head contractor,Pty Ltd Company,None,Determined,2021-07-28,,No,No,Yes,2021-08-02,4576.02,613.64,0.0,1.0,0.0,613.64,No,,,Northern Victoria,supply install stormwater fit solar panel,1,1.0,8.428584903679454,4,16,4,H,1
22,2021-07-02,2021-07-07,"Supply and install temp fence, stormwater and fit off",3500,6154.36,,s.18(1)(b),Trade subcontractor,Sole Trader,Solicitors,Head contractor,Pty Ltd Company,None,Determined,2021-07-28,,No,No,Yes,2021-08-02,6154.36,613.64,0.0,1.0,0.0,613.64,No,,,Northern Victoria,supply install temp fence stormwater fit,1,1.0,8.72491605270855,4,16,4,H,1
23,2021-07-02,2021-07-07,Supply and install under floor drainage and water tapping,3498,4845.0,,s.18(1)(b),Trade subcontractor,Sole Trader,Solicitors,Head contractor,Pty Ltd Company,None,Determined,2021-07-28,,No,No,Yes,2021-08-02,4845.0,613.64,0.0,1.0,0.0,613.64,No,,,Northern Victoria,supply install floor drainage water tapping,3,1.0,8.485702524324866,4,16,4,H,1
24,2021-07-02,2021-07-07,"Supply and install under floor drainage, metal roof and water meter",3500,24014.02,,s.18(1)(b),Trade subcontractor,Sole Trader,Solicitors,Head contractor,Pty Ltd Company,None,Determined,2021-07-28,,No,No,Yes,2021-08-02,24014.02,818.18,0.0,1.0,0.0,818.18,No,,,Northern Victoria,supply install floor drainage metal roof water meter,3,1.0,10.086393105437821,4,16,4,H,1
25,2021-07-02,2021-07-07,"Supply and install under floor drainage, metal roof and water meter",3496,19401.94,,s.18(1)(b),Trade subcontractor,Sole Trader,Solicitors,Head contractor,Pty Ltd Company,None,Determined,2021-07-28,,No,No,Yes,2021-08-02,19401.94,818.18,0.0,1.0,0.0,818.18,No,,,Northern Victoria,supply install floor drainage metal roof water meter,3,1.0,9.873128340051753,4,16,4,H,1
26,2021-07-02,2021-07-07,"Supply and install under floor drainage, metal roof and water meter",3496,3645.0,,s.18(1)(b),Trade subcontractor,Sole Trader,Solicitors,Head contractor,Pty Ltd Company,None,Determined,2021-07-28,,No,No,Yes,2021-08-02,3645.0,613.64,0.0,1.0,0.0,613.64,No,,,Northern Victoria,supply install floor drainage metal roof water meter,3,1.0,8.201111644442758,4,16,4,H,1
27,2021-07-02,2021-07-07,Supply and install under floor spouting and fascia,3498,7477.26,,s.18(1)(b),Trade subcontractor,Sole Trader,Solicitors,Head contractor,Pty Ltd Company,None,Determined,2021-07-28,,No,No,Yes,2021-08-02,7477.26,613.64,0.0,1.0,0.0,613.64,No,,,Northern Victoria,supply install floor spouting fascia,1,1.0,8.91962169370014,4,16,4,H,1
30,2021-07-09,2021-07-14,Supply of building materials to residential dwelling,3356,46426.18,0.0,s.18(1)(a)(i),Supplier,Pty Ltd Company,None,Developer,Sole Trader,None,Determined,2021-07-28,,No,No,Yes,2021-07-29,0.0,1036.36,1.0,0.0,1036.36,0.0,No,,,Western Victoria,supply building materials residential dwelling,1,0.0,10.745618803237686,4,11,2,L,0
32,2021-07-15,2021-07-21,Installation of new roof and wall cladding,3337,13565.21,432.99,s.18(1)(b),Major subcontractor,Ltd Company,None,Head contractor,Pty Ltd Company,None,Determined,2021-08-04,,No,No,Yes,2021-08-05,6069.35,2072.73,0.5,0.5,1036.37,1036.36,No,,,Western Victoria,installation new roof wall cladding,1,0.44742027583797084,9.515263705990526,5,11,2,ML,0
36,2021-07-20,2021-07-26,Plumbing works in townhouses,3058,362386.62,35478.0,s.18(1)(a)(i),Major subcontractor,Pty Ltd Company,None,Head contractor,Pty Ltd Company,None,Determined,2021-07-30,,No,No,Yes,2021-08-04,254726.71,4909.09,0.3,0.7,1472.73,3436.36,Yes,500.0,2021-08-12,Northern Metropolitan,plumbing works townhouses,0,0.7029142245925084,12.80046693193958,5,5,4,MH,1
44,2021-07-23,2021-07-28,Construction of civil services for residential subdivision,3764,90624.44,0.0,s.18(1)(a)(i),Head contractor,Pty Ltd Company,Solicitors,Developer,Trust,Solicitors,Determined,2021-08-11,,Yes,No,Yes,2021-08-16,37001.15,7772.73,0.0,1.0,0.0,7772.73,No,,,Northern Victoria,construction civil services residential subdivision,2,0.4082910746813994,11.414479212827539,4,11,4,ML,0
46,2021-07-26,2021-07-27,Painting works,3134,30008.0,,s.18(1)(b),Trade subcontractor,Pty Ltd Company,None,Head contractor,Pty Ltd Company,None,Determined,2021-08-16,,No,Yes,Yes,2021-08-17,6740.0,3500.0,0.5,0.5,1750.0,1750.0,No,,,North-Eastern Metropolitan,painting works,0,0.22460677152759265,10.309219291761723,2,15,2,L,0
49,2021-07-28,2021-08-03,"Multi-level development of apartments, commercial area and basement",3070,692675.08,117226.44,s.18(1)(b),Head contractor,Pty Ltd Company,Solicitors,Developer,Pty Ltd Company,Solicitors,Determined,2021-08-16,,No,No,Yes,2021-08-18,272747.17,14318.18,0.0,1.0,0.0,14318.18,No,,,Northern Metropolitan,multilevel development apartments commercial area basement,2,0.39375917782403835,13.448316308193949,5,10,3,ML,0
50,2021-07-29,2021-08-03,Site retention and excavation work,3079,166247.86,1405.0,s.18(1)(a)(i),Major subcontractor,Pty Ltd Company,Solicitors,Head contractor,Pty Ltd Company,None,Determined,2021-08-18,,No,No,Yes,2021-08-20,111807.27,5318.18,0.0,1.0,0.0,5318.18,No,,,North-Eastern Metropolitan,site retention excavation work,2,0.6725335893045481,12.021235086254801,4,12,3,MH,1
51,2021-07-30,2021-08-02,Construction works,3066,30008.0,,s.18(1)(b),Head contractor,Pty Ltd Company,Solicitors,Developer,Pty Ltd Company,None,Determined,2021-08-09,,No,No,Yes,2021-08-09,30008.0,3500.0,0.0,1.0,0.0,3500.0,Yes,0.0,2021-08-17,Northern Metropolitan,construction works,0,1.0,10.309219291761723,2,6,1,H,1
52,2021-08-03,2021-08-06,Carpentry lock-up and fixes package,3136,6400.0,2482.42,s.18(1)(a)(i),Trade subcontractor,Pty Ltd Company,None,Head contractor,Pty Ltd Company,None,Determined,2021-08-20,,No,No,Yes,2021-08-25,2563.17,2072.73,0.5,0.5,1036.37,1036.36,No,,,North-Eastern Metropolitan,carpentry lockup fixes package,2,0.40049531250000003,8.764053269347762,4,11,4,ML,0
53,2021-08-06,2021-08-11,"Manufacture, supply and install steel frame walls, trusses and ceilings",3026,8856.36,3330.91,s.18(1)(a)(i),Trade subcontractor,Pty Ltd Company,None,Head contractor,Pty Ltd Company,None,Determined,2021-08-24,,No,No,Yes,2021-08-26,8856.36,1363.64,0.0,1.0,0.0,1363.64,No,,,Western Metropolitan,manufacture supply install steel frame walls trusses ceilings,1,1.0,9.088891123968772,4,10,3,H,1
54,2021-08-06,2021-08-10,Supply and installation of stairs,3083,15093.0,,s.18(1)(b),Trade subcontractor,Pty Ltd Company,None,Head contractor,Pty Ltd Company,None,Determined,2021-08-19,,No,No,Yes,2021-08-19,15093.0,1200.0,0.0,1.0,0.0,1200.0,Yes,0.0,2021-09-27,North-Eastern Metropolitan,supply installation stairs,1,1.0,9.621986339159427,3,8,1,H,1
55,2021-08-09,2021-08-10,Concreting works,3058,44957.21,17090.4,s.18(1)(a)(i),Trade subcontractor,Pty Ltd Company,Solicitors,Head contractor,Pty Ltd Company,Solicitors,Determined,2021-08-27,,Yes,Yes,Yes,2021-08-27,34696.21,3500.0,0.5,0.5,1750.0,1750.0,No,,,Northern Metropolitan,concreting works,0,0.7717607476086705,10.71346642748193,2,14,1,H,1
56,2021-08-11,2021-08-18,Construction of residential apartments,3184,26445.0,0.0,s.18(1)(b),Head contractor,Pty Ltd Company,None,Major Subcontractor,Pty Ltd Company,None,Determined,2021-09-01,,Yes,No,Yes,2021-09-03,0.0,906.82,1.0,0.0,906.82,0.0,No,,,Southern Metropolitan,construction residential apartments,2,0.0,10.18282238350008,6,11,3,L,0
60,2021-08-18,2021-08-26,Construction of basement,3186,126655.52,0.0,s.18(1)(a)(i),Trade subcontractor,Pty Ltd Company,Claim preparer,Head contractor,Pty Ltd Company,Solicitors,Determined,2021-09-16,,Yes,Yes,Yes,2021-10-08,71620.32,15443.18,0.0,1.0,15443.18,0.0,No,,,Southern Metropolitan,construction basement,2,0.5654733406013414,11.749226239162232,7,16,16,MH,1
63,2021-08-24,2021-08-30,Hydraulic services,3078,35087.64,,s.18(1)(b),Trade subcontractor,Pty Ltd Company,None,Head contractor,Pty Ltd Company,None,Determined,2021-09-06,,No,No,Yes,2021-10-18,30852.62,1534.09,0.0,1.0,0.0,1534.09,No,,,Northern Metropolitan,hydraulic services,2,0.8793016572217454,10.465604210687115,5,6,30,H,1
66,2021-08-24,2021-08-27,Office fit out,3032,102876.13,61560.57,s.18(1)(b),Developer,Pty Ltd Company,Claim preparer,Developer,Pty Ltd Company,None,Determined,2021-09-10,,Yes,No,Yes,2021-09-15,102876.13,8181.82,0.0,1.0,0.0,8181.82,No,,,Northern Metropolitan,office fit,2,1.0,11.541280922123176,4,11,4,H,1
67,2021-08-25,2021-08-31,Maintenance of wind turbine generators,3352,5739758.63,0.0,s.18(1)(a)(i),Head contractor,Pty Ltd Company,Solicitors,Developer,Partnership,Solicitors,Determined,2021-09-15,,No,Yes,Yes,2021-09-17,5730848.6,18818.18,0.0,1.0,0.0,18818.18,No,,,Western Victoria,maintenance wind turbine generators,2,0.9984476646886455,15.562927716888954,5,12,3,H,1
68,2021-08-27,2021-09-01,Architect services for construction of apartments,3142,52719.0,0.0,s.18(1)(a)(i),Consultant,Pty Ltd Company,Claim preparer,Developer,Pty Ltd Company,Solicitors,Determined,2021-09-20,,No,Yes,Yes,2021-09-22,40964.0,6600.0,0.0,1.0,0.0,6600.0,No,,,Southern Metropolitan,architect services construction apartments,2,0.7770253608755856,10.872731200862956,4,14,3,H,1
69,2021-08-27,2021-09-01,Prestressing works,3146,66311.0,65279.0,s.18(1)(a)(ii),Trade subcontractor,Pty Ltd Company,None,Head contractor,Pty Ltd Company,None,Determined,2021-09-08,,No,No,Yes,2021-09-10,65279.0,5000.0,0.0,1.0,0.0,5000.0,Yes,0.0,2021-09-20,Southern Metropolitan,prestressing works,0,0.9844369712415738,11.102111074930848,4,6,3,H,1
70,2021-08-27,2021-09-02,Supply and install cladding,3818,18027.1,,s.18(1)(b),Trade subcontractor,Pty Ltd Company,None,Head contractor,Trust,None,Determined,2021-09-16,,No,No,Yes,2021-09-20,0.0,906.82,1.0,0.0,906.82,0.0,No,,,Eastern Victoria,supply install cladding,1,0.0,9.799631460221356,5,11,3,L,0
71,2021-08-31,2021-09-06,Electrical Works (new pits and metering),3581,37224.39,0.0,s.18(1)(b),Trade subcontractor,Pty Ltd Company,Solicitors,Head contractor,Other,Response preparer,Determined,2021-09-23,,No,Yes,Yes,2021-09-24,37224.39,4090.91,0.0,1.0,0.0,4090.91,Yes,500.0,2021-10-27,Northern Victoria,electrical works new pits metering,0,1.0,10.524719470581141,5,14,1,H,1
76,2021-09-01,2021-09-03,Roofing works,3051,13774.29,4259.64,s.18(1)(a)(i),Trade subcontractor,Pty Ltd Company,None,Head contractor,Pty Ltd Company,None,Determined,2021-09-15,,No,No,Yes,2021-09-16,0.0,1200.0,1.0,0.0,1200.0,0.0,No,,,Northern Metropolitan,roofing works,0,0.0,9.53055909004302,3,9,2,L,0
77,2021-09-01,2021-09-03,Roofing works,3337,12707.42,1276.34,s.18(1)(a)(i),Trade subcontractor,Pty Ltd Company,None,Head contractor,Pty Ltd Company,None,Determined,2021-09-15,,No,No,Yes,2021-09-16,0.0,1200.0,1.0,0.0,1200.0,0.0,No,,,Western Victoria,roofing works,0,0.0,9.449941353806455,3,9,2,L,0
78,2021-09-04,2021-09-13,"Plant, Labour Hire and Drilling",3020,75000.0,,s.18(1)(b),Trade subcontractor,Sole Trader,None,Developer,Pty Ltd Company,None,Determined,2021-09-23,,No,Yes,Yes,2021-09-23,0.0,5000.0,1.0,0.0,5000.0,0.0,No,,,Western Metropolitan,plant labour hire drilling,2,0.0,11.225243392518447,6,9,1,L,0
79,2021-09-06,2021-09-09,General construction of apartments,3070,169854.99,112658.63,s.18(1)(b),Head contractor,Pty Ltd Company,Solicitors,Developer,Pty Ltd Company,Solicitors,Determined,2021-09-21,,No,No,Yes,2021-09-22,169854.99,8590.91,0.0,1.0,0.0,8590.91,Yes,500.0,2021-09-30,Northern Metropolitan,general construction apartments,2,1.0,12.042700352020884,4,9,2,H,1
80,2021-09-07,2021-09-09,Excavation works,3212,32928.0,,s.18(1)(b),Trade subcontractor,Pty Ltd Company,None,Head contractor,Other,None,Determined,2021-09-22,,No,No,Yes,2021-09-23,32928.0,3500.0,0.0,1.0,0.0,3500.0,Yes,0.0,2021-10-05,Western Victoria,excavation works,0,1.0,10.402078638633776,3,10,2,H,1
81,2021-09-13,2021-09-16,"Design, supply and install glazing to apartment building",3000,58187.7,0.0,s.18(1)(a)(i),Manufacturer of building materials or components,Pty Ltd Company,Claim preparer,Head contractor,Pty Ltd Company,Solicitors,Determined,2021-09-30,,Yes,Yes,Yes,2021-11-08,38516.76,,0.5,0.5,,,,,,Northern Metropolitan,design supply install glazing apartment building,1,0.6619398945137891,10.971429271177856,4,10,27,MH,1
82,2021-09-13,2021-09-17,Supply and installation of joinery,3104,109801.58,15348.04,s.18(1)(a)(i),Trade subcontractor,Trust,Solicitors,Head contractor,Pty Ltd Company,Solicitors,Determined,2021-10-01,,Yes,Yes,Yes,2021-10-06,87643.22,8181.82,0.0,1.0,0.0,8181.82,Yes,500.0,2021-10-25,Southern Metropolitan,supply installation joinery,1,0.7981963465370899,11.60643019775367,5,10,4,H,1
84,2021-09-15,2021-09-16,Scaffolding works,3840,77713.49,0.0,s.18(1)(a)(i),Trade subcontractor,Trust,None,Major subcontractor,Pty Ltd Company,Solicitors,Determined,2021-10-05,,Yes,No,Yes,2021-10-05,71223.49,5000.0,0.5,0.5,2500.0,2500.0,Yes,0.0,2021-10-13,Eastern Victoria,scaffolding works,0,0.9164881155125063,11.26078413775976,2,13,1,H,1
85,2021-09-16,2021-09-17,Concreting works,3051,423260.62,0.0,s.18(1)(b),Major subcontractor,Other,Solicitors,Head contractor,Pty Ltd Company,Solicitors,Determined,2021-11-09,,Yes,Yes,Yes,2021-11-09,374460.73,35200.0,0.5,0.5,17600.0,17600.0,Yes,0.0,2021-11-17,Northern Metropolitan,concreting works,0,0.884704865763321,12.95574339123405,2,36,1,H,1
87,2021-09-16,2021-09-21,"Supply of plumbing, hydraulics and associated works",3059,33169.63,0.0,s.18(1)(a)(i),Trade subcontractor,Trust,Solicitors,Head contractor,Pty Ltd Company,None,Determined,2021-10-04,,Yes,No,Yes,2021-10-04,26050.45,3000.0,0.5,0.5,1500.0,1500.0,No,,,Northern Metropolitan,supply plumbing hydraulics associated works,0,0.7853705332257249,10.40938997722106,4,9,1,H,1
89,2021-09-19,2021-09-22,Rendering,3802,19725.45,0.0,s.18(1)(b),Consultant,Sole Trader,None,Major subcontractor,Partnership,Solicitors,Determined,2021-09-23,,No,No,Yes,2021-09-23,0.0,,,,,,,,,South-Eastern Metropolitan,rendering,2,0.0,9.88966495914206,3,2,1,L,0
90,2021-09-21,2021-09-27,Civil and landscaping works ,3015,105810.85,-26542.77,s.18(1)(a)(i),Trade subcontractor,Pty Ltd Company,None,Head contractor,Pty Ltd Company,Solicitors,Determined,2021-10-09,,Yes,No,Yes,2021-10-12,59864.45,6136.36,0.0,1.0,0.0,6136.36,No,,,Western Metropolitan,civil landscaping works ,0,0.5657685388596726,11.569408345133118,4,10,2,MH,1
91,2021-09-21,2021-09-23,Excavation works,3228,8500.0,,s.18(1)(b),Trade subcontractor,Pty Ltd Company,None,Head contractor,Other,None,Determined,2021-10-04,,No,No,Yes,2021-10-04,0.0,1200.0,1.0,0.0,1200.0,0.0,No,,,Western Victoria,excavation works,0,0.0,9.047821442478408,3,7,1,L,0
92,2021-09-21,2021-09-23,Mechanical works,3000,183774.91,0.0,s.18(1)(a)(i),Major subcontractor,Pty Ltd Company,Solicitors,Head contractor,Trust,Solicitors,Determined,2021-10-12,,Yes,Yes,Yes,2021-10-12,50133.91,19800.0,0.5,0.5,9900.0,9900.0,No,,,Northern Metropolitan,mechanical works,0,0.27280062332774374,12.12146697251288,3,13,1,ML,0
93,2021-09-22,2021-09-27,Roofing works,3337,11431.12,0.0,s.18(1)(a)(i),Trade subcontractor,Pty Ltd Company,None,Head contractor,Pty Ltd Company,None,Determined,2021-10-11,,No,Yes,Yes,2021-10-12,0.0,1200.0,1.0,0.0,1200.0,0.0,No,,,Western Victoria,roofing works,0,0.0,9.344094739739901,3,11,2,L,0
94,2021-09-29,2021-09-30,Engineering services,3205,126935.25,0.0,s.18(1)(b),Consultant,Pty Ltd Company,Solicitors,Major subcontractor,Pty Ltd Company,Solicitors,Determined,2021-10-19,,Yes,Yes,Yes,2021-10-21,118617.25,13200.0,0.5,0.5,6600.0,6600.0,No,,,Southern Metropolitan,engineering services,2,0.9344705272963971,11.751432392907153,2,14,3,H,1
95,2021-09-29,2021-09-30,Engineering services,3066,90886.0,0.0,s.18(1)(b),Consultant,Pty Ltd Company,Solicitors,Major subcontractor,Pty Ltd Company,Solicitors,Determined,2021-10-20,,Yes,Yes,Yes,2021-10-21,90886.0,5000.0,0.0,1.0,0.0,5000.0,No,,,Northern Metropolitan,engineering services,2,1.0,11.41736125290244,2,15,2,H,1
97,2021-09-29,2021-09-30,Prestressing works,3146,4737.0,3704.0,s.18(1)(a)(ii),Trade subcontractor,Pty Ltd Company,None,Head contractor,Pty Ltd Company,None,Determined,2021-10-11,,No,No,Yes,2021-10-12,3704.0,600.0,0.0,1.0,0.0,600.0,No,,,Southern Metropolitan,prestressing works,0,0.7819294912391809,8.463159302923751,2,8,2,H,1
98,2021-10-01,2021-10-06,Plumbing and drainage works,3939,24952.27,0.0,s.18(1)(a)(i),Trade subcontractor,Pty Ltd Company,None,Developer,Pty Ltd Company,None,Determined,2021-10-08,,No,No,Yes,2021-10-08,0.0,0.0,0.0,0.0,0.0,0.0,,,,Eastern Victoria,plumbing drainage works,0,0.0,10.124720079004986,4,3,1,L,0
99,2021-10-01,2021-10-06,Plumbing works for new residential apartments,3065,99250.0,0.0,s.18(1)(a)(i),Trade subcontractor,Pty Ltd Company,Claim preparer,Developer,Pty Ltd Company,Solicitors,Determined,2021-10-19,,No,No,Yes,2021-10-19,99250.0,9600.0,0.0,1.0,0.0,9600.0,No,,,Northern Metropolitan,plumbing works new residential apartments,0,1.0,11.505397198549437,4,10,1,H,1
100,2021-10-04,2021-10-08,Timber Framing,3175,17222.68,,s.18(1)(b),Trade subcontractor,Trust,None,Head contractor,Pty Ltd Company,None,Determined,2021-10-22,,No,No,Yes,2021-10-25,0.0,0.0,0.0,0.0,0.0,0.0,,,,South-Eastern Metropolitan,timber framing,2,0.0,9.753982398857067,5,11,2,L,0
101,2021-10-13,2021-10-18,Roofing Supplies,3931,24065.45,,s.18(1)(b),Trade subcontractor,Pty Ltd Company,None,Developer,Pty Ltd Company,None,Determined,2021-10-21,,No,No,Yes,2021-10-22,0.0,0.0,0.0,0.0,0.0,0.0,,,,Eastern Victoria,roofing supplies,2,0.0,10.08853248091829,4,4,2,L,0
102,2021-10-13,2021-10-18,Roofing Supplies,3922,7090.91,,s.18(1)(b),Trade subcontractor,Pty Ltd Company,None,Developer,Pty Ltd Company,None,Determined,2021-10-21,,No,No,Yes,2021-10-22,0.0,0.0,0.0,0.0,0.0,0.0,,,,Eastern Victoria,roofing supplies,2,0.0,8.866568961078478,4,4,2,L,0
103,2021-10-14,2021-10-18,Carpet installation works,3186,12055.45,0.0,s.18(1)(a)(i),Trade subcontractor,Pty Ltd Company,Solicitors,Major subcontractor,Pty Ltd Company,None,Determined,2021-11-10,,Yes,Yes,Yes,2021-11-12,12055.45,1200.0,0.0,1.0,0.0,1200.0,Yes,0.0,2021-11-24,Southern Metropolitan,carpet installation works,0,1.0,9.39727211882773,3,17,3,H,1
104,2021-10-16,2021-10-20,Joinery installation,3184,26445.0,0.0,s.18(1)(a)(i),Trade subcontractor,Pty Ltd Company,None,Head contractor,Pty Ltd Company,Solicitors,Determined,2021-10-29,,No,No,Yes,2021-11-03,0.0,1554.55,1.0,0.0,1554.55,0.0,,,,Southern Metropolitan,joinery installation,1,0.0,10.18282238350008,3,8,3,L,0
105,2021-10-18,2021-10-19,Building works,3818,125594.13,,s.18(1)(b),Head contractor,Pty Ltd Company,Solicitors,Developer,Pty Ltd Company,None,Determined,2021-11-03,,No,No,Yes,2021-11-04,124514.13,5720.0,0.0,1.0,0.0,5720.0,Yes,0.0,2021-11-15,Eastern Victoria,building works,0,0.9914008719993522,11.7408107962553,2,11,2,H,1
107,2021-10-18,2021-10-19,Construction works,3810,80000.0,0.0,s.18(1)(a)(i),Head contractor,Pty Ltd Company,Solicitors,Developer,Pty Ltd Company,Solicitors,Determined,2021-11-10,,Yes,Yes,Yes,2021-11-12,51857.73,5000.0,0.5,0.5,2500.0,2500.0,No,,,Eastern Victoria,construction works,0,0.648221625,11.289781913656018,2,16,3,MH,1
108,2021-10-19,2021-10-22,Concrete post tensioning,3066,66153.36,0.0,s.18(1)(a)(i),Trade subcontractor,Pty Ltd Company,None,Head contractor,Pty Ltd Company,Solicitors,Determined,2021-11-01,,Yes,No,Yes,2021-11-04,0.0,3272.72,0.5,0.5,1636.36,1636.36,No,,,Northern Metropolitan,concrete post tensioning,2,0.0,11.099730961903942,4,7,3,L,0
109,2021-10-19,2021-10-22,Painting works,3047,10268.2,8013.8,s.18(1)(a)(ii),Trade subcontractor,Pty Ltd Company,Claim preparer,Head contractor,Pty Ltd Company,None,Determined,2021-11-05,,Yes,No,Yes,2021-11-08,9014.11,990.0,0.0,1.0,0.0,990.0,No,,,Northern Metropolitan,painting works,0,0.8778666173233868,9.23680701979121,4,10,2,H,1
111,2021-10-22,2021-10-27,Sales and Marketing Services,3187,12000.0,,s.18(1)(b),Consultant,Pty Ltd Company,None,Other,Pty Ltd Company,Solicitors,Determined,2021-11-03,,No,No,Yes,2021-11-03,0.0,0.0,0.0,0.0,0.0,0.0,,,,Southern Metropolitan,sales marketing services,2,0.0,9.392661928770137,4,5,1,L,0
113,2021-10-26,2021-10-29,Plumbing and roofing works,3189,12553.04,,s.18(1)(b),Trade subcontractor,Sole trader,None,Other,Other,None,Determined,2021-11-12,,No,No,Yes,2021-11-16,0.0,990.0,1.0,0.0,990.0,0.0,,,,Southern Metropolitan,plumbing roofing works,0,0.0,9.437718146302418,4,10,3,L,0
114,2021-10-26,2021-10-27,Roofing works,3337,11431.12,0.0,s.18(1)(a)(i),Trade subcontractor,Pty Ltd Company,None,Head contractor,Pty Ltd Company,None,Determined,2021-11-08,,No,No,Yes,2021-11-09,3934.56,1200.0,0.5,0.5,600.0,600.0,No,,,Western Victoria,roofing works,0,0.34419724401458474,9.344094739739901,2,8,2,ML,0
115,2021-10-27,2021-10-28,Construction works,3123,437416.65,0.0,s.18(1)(a)(i),Major subcontractor,Pty Ltd Company,Solicitors,Head contractor,Pty Ltd Company,Solicitors,Determined,2021-11-19,,Yes,Yes,Yes,2021-11-22,317554.48,22000.0,0.5,0.5,11000.0,11000.0,Yes,0.0,2021-12-01,Southern Metropolitan,construction works,0,0.7259771204411171,12.98864145234394,2,16,2,MH,1
119,2021-11-05,2021-11-10,Plumbing works,3934,4529.3,,s.18(1)(b),Trade subcontractor,Other,None,Head contractor,Pty Ltd Company,None,Determined,2021-11-19,,No,No,Yes,2021-11-23,4117.55,1200.0,0.0,1.0,0.0,1200.0,No,,,Eastern Victoria,plumbing works,0,0.909091912657585,8.418322681150489,4,8,3,H,1
121,2021-11-09,2021-11-12,"Design, supply and installation of concrete post-tensioning ",3186,25312.5,2250.0,s.18(1)(a)(i),Trade subcontractor,Pty Ltd Company,None,Head contractor,Pty Ltd Company,None,Determined,2021-12-03,,No,No,Yes,2021-12-07,2250.0,4261.36,1.0,0.0,4261.36,0.0,No,,,Southern Metropolitan,design supply installation concrete posttensioning ,1,0.08888888888888889,10.139053623848895,4,16,3,L,0
122,2021-11-11,2021-11-13,Concreting works,3212,87846.08,,s.18(1)(b),Trade subcontractor,Pty Ltd Company,None,Head contractor,Pty Ltd Company,None,Determined,2021-11-22,,No,No,Yes,2021-11-24,87846.08,5000.0,0.0,1.0,0.0,5000.0,Yes,0.0,2021-12-20,Western Victoria,concreting works,0,1.0,11.38334147110573,2,6,3,H,1
123,2021-11-11,2021-11-16,Supply and install window and door glazing,3067,7005.07,,s.18(1)(b),Supplier,Pty Ltd Company,None,Developer,Pty Ltd Company,None,Determined,2021-12-02,,No,No,Yes,2021-12-03,7005.07,906.82,0.0,1.0,0.0,906.82,Yes,100.0,2021-12-13,Northern Metropolitan,supply install window door glazing,1,1.0,8.85438945158342,4,13,2,H,1
124,2021-11-16,2021-11-22,Bridge replacement,3351,19300.18,,s.18(1)(b),Head contractor,Pty Ltd Company,Claim preparer,Project manager,Other,None,Determined,2021-12-13,,No,No,Yes,2021-12-15,19300.18,2461.36,0.0,1.0,0.0,2461.36,No,,,Western Victoria,bridge replacement,2,1.0,9.867869701274357,5,16,3,H,1
125,2021-11-16,2021-11-19,Roofing on new apartments,3082,24065.45,0.0,s.18(1)(a)(i),Trade subcontractor,Pty Ltd Company,None,Major subcontractor,Pty Ltd Company,None,Determined,2021-11-30,,No,No,Yes,2021-12-01,0.0,1036.36,1.0,0.0,1036.36,0.0,No,,,North-Eastern Metropolitan,roofing new apartments,2,0.0,10.08853248091829,4,8,2,L,0
126,2021-11-18,2021-11-25,Concrete works,3058,49794.79,,s.18(1)(b),Trade subcontractor,Trust,Claim preparer,Head contractor,Pty Ltd Company,None,Determined,2021-12-08,,No,No,Yes,2021-12-10,48094.79,5931.82,0.0,1.0,0.0,5931.82,No,,,Northern Metropolitan,concrete works,0,0.9658598821282307,10.815665639065955,6,10,3,H,1
128,2021-11-22,2021-11-25,"Supply and deliver prefabricated metal framing, floor joists, roof trusses and stairs",3058,174164.53,,s.18(1)(b),Supplier,Pty Ltd Company,None,Head contractor,Pty Ltd Company,None,Determined,2021-12-09,,No,No,Yes,2021-12-10,0.0,1534.09,1.0,0.0,1534.09,0.0,No,,,Northern Metropolitan,supply deliver prefabricated metal framing floor joists roof trusses stairs,3,0.0,12.067755706135157,4,11,2,L,0
129,2021-11-23,2021-11-29,Early works,3128,26070.0,0.0,s.18(1)(a)(i),Head contractor,Pty Ltd Company,Solicitors,Developer,Pty Ltd Company,Solicitors,Determined,2021-12-15,,Yes,Yes,Yes,2021-12-15,26070.0,4090.91,0.0,1.0,0.0,4090.91,Yes,300.0,2022-01-04,North-Eastern Metropolitan,early works,0,1.0,10.168540506927547,5,13,1,H,1
130,2021-11-23,2021-11-29,Preliminary design and project management works at apartments ,3122,19360.0,0.0,s.18(1)(a)(i),Head contractor,Pty Ltd Company,Solicitors,Developer,Pty Ltd Company,Solicitors,Determined,2021-12-15,,Yes,Yes,Yes,2021-12-15,19360.0,4090.91,0.0,1.0,0.0,4090.91,Yes,300.0,2022-01-04,Southern Metropolitan,preliminary design project management works apartments ,0,1.0,9.870964360830568,5,13,1,H,1
131,2021-11-23,2021-12-13,Supply and erection of structural steel,3168,22836.0,,s.18(1)(b),Major subcontractor,Pty Ltd Company,None,Head contractor,Pty Ltd Company,None,Determined,2021-12-29,,No,No,Yes,2021-12-31,22836.0,2461.36,0.0,1.0,0.0,2461.36,No,,,Southern Metropolitan,supply erection structural steel,6,1.0,10.036093517084149,15,11,3,H,1
132,2021-11-23,2021-11-26,Supply and install joinery to a multi-unit development,3108,68625.19,260.0,s.18(1)(a)(i),Trade subcontractor,Pty Ltd Company,Claim preparer,Head contractor,Pty Ltd Company,Solicitors,Determined,2021-12-17,,No,No,Yes,2021-12-21,48625.19,7363.64,0.0,1.0,0.0,7363.64,Yes,500.0,2022-01-19,North-Eastern Metropolitan,supply install joinery multiunit development,1,0.7085618269326468,11.13641494747831,4,16,3,MH,1
134,2021-11-26,2021-11-30,Crane and rigging hire services,3127,32414.0,28751.25,s.18(1)(a)(i),Trade subcontractor,Pty Ltd Company,Claim preparer,Developer,Pty Ltd Company,None,Determined,2021-12-08,,No,No,Yes,2021-12-14,31365.0,3250.0,0.0,1.0,0.0,3250.0,Yes,,2021-12-23,Southern Metropolitan,crane rigging hire services,2,0.9676374406120812,10.386345707218064,3,7,5,H,1
135,2021-11-29,2021-12-01,Mechanical services works,3585,46499.99,0.0,s.18(1)(a)(i),Trade subcontractor,Pty Ltd Company,Solicitors,Head contractor,Pty Ltd Company,None,Determined,2021-12-17,,Yes,Yes,Yes,2021-12-20,0.0,3500.0,1.0,0.0,3500.0,0.0,No,,,Northern Victoria,mechanical services works,0,0.0,10.747207376521661,3,13,2,L,0
136,2021-11-29,2021-12-01,Painting works,3134,47928.0,0.0,s.18(1)(a)(i),Trade subcontractor,Pty Ltd Company,None,Head contractor,Pty Ltd Company,None,Determined,2021-12-08,,No,No,Yes,2021-12-08,0.0,0.0,0.0,0.0,0.0,0.0,No,,,North-Eastern Metropolitan,painting works,0,0.0,10.777455163763761,3,6,1,L,0
138,2021-12-03,2021-12-08,Provision of labour,3212,565722.1,,s.18(1)(b),Trade subcontractor,Pty Ltd Company,Solicitors,Head contractor,Pty Ltd Company,None,Determined,2021-12-22,,No,No,Yes,2021-12-24,565722.1,3272.73,0.0,1.0,0.0,3272.73,No,,,Western Victoria,provision labour,2,1.0,13.245858247211263,4,11,3,H,1
140,2021-12-08,2021-12-13,Plastering works,3072,43660.64,,s.18(1)(b),Trade subcontractor,Pty Ltd Company,Solicitors,Head contractor,Pty Ltd Company,None,Determined,2021-12-21,,No,No,Yes,2021-12-23,0.0,2045.45,0.5,0.5,1022.725,1022.725,No,,,Northern Metropolitan,plastering works,0,0.0,10.68420228872302,4,7,3,L,0
146,2021-12-14,2021-12-16,Structural steel works,3810,153281.62,0.0,s.18(1)(b),Trade subcontractor,Pty Ltd Company,Solicitors,Head contractor,Pty Ltd Company,Solicitors,Determined,2021-12-30,,Yes,Yes,Yes,2021-12-30,100000.0,8800.0,0.5,0.5,4400.0,4400.0,Yes,0.0,2022-01-10,Eastern Victoria,structural steel works,6,0.6523939399909787,11.940032162042366,3,9,1,MH,1
147,2021-12-14,2021-12-16,Structural steel works,3810,84526.86,0.0,s.18(1)(a)(i),Trade subcontractor,Pty Ltd Company,Solicitors,Head contractor,Pty Ltd Company,Solicitors,Determined,2021-12-30,,Yes,Yes,Yes,2021-12-30,39313.62,5000.0,0.0,1.0,0.0,5000.0,Yes,0.0,2022-01-10,Eastern Victoria,structural steel works,6,0.4651020989067854,11.344824632657842,3,9,1,ML,0
149,2021-12-17,2021-12-29,Plastering and cladding,3066,135539.3,2746.53,s.18(1)(a)(i),Trade subcontractor,Pty Ltd Company,None,Head contractor,Pty Ltd Company,None,Determined,2022-01-10,,No,No,Yes,2022-01-12,3971.61,4090.91,1.0,0.0,4090.91,0.0,No,,,Northern Metropolitan,plastering cladding,2,0.029302276166396024,11.81701691414969,7,8,3,L,0
151,2021-12-21,2021-12-24,Construction works,3127,123419.0,0.0,s.18(1)(a)(i),Head contractor,Pty Ltd Company,Consultant,Developer,Pty Ltd Company,Solicitors,Determined,2022-01-19,,No,Yes,Yes,2022-01-19,54701.0,29040.0,0.5,0.5,14520.0,14520.0,No,,,Southern Metropolitan,construction works,0,0.4432137677343035,11.723340349427714,4,16,1,ML,0
152,2021-12-21,2021-12-22,Supply of structural steel,3175,3087.1,,s.18(1)(b),Trade subcontractor,Pty Ltd Company,None,Head contractor,Pty Ltd Company,None,Determined,2021-12-31,,No,No,Yes,2022-01-05,3087.1,660.0,0.0,1.0,0.0,660.0,No,,,South-Eastern Metropolitan,supply structural steel,6,1.0,8.034987417887432,2,6,3,H,1
153,2021-12-21,2021-12-22,Supply of structural steel,3175,1128.35,,s.18(1)(b),Trade subcontractor,Pty Ltd Company,None,Head contractor,Pty Ltd Company,None,Determined,2021-12-31,,No,No,Yes,2022-01-05,1128.35,220.0,0.0,1.0,0.0,220.0,No,,,South-Eastern Metropolitan,supply structural steel,6,1.0,7.028511667617919,2,6,3,H,1
154,2021-12-21,2021-12-22,Supply of structural steel,3175,1065.37,,s.18(1)(b),Trade subcontractor,Pty Ltd Company,None,Head contractor,Pty Ltd Company,None,Determined,2021-12-31,,No,No,Yes,2022-01-05,1065.37,220.0,0.0,1.0,0.0,220.0,No,,,South-Eastern Metropolitan,supply structural steel,6,1.0,6.971077435648297,2,6,3,H,1
155,2021-12-22,2021-12-23,Construction works,3186,203517.8,0.0,s.18(1)(a)(i),Head contractor,Pty Ltd Company,Solicitors,Developer,Other,Solicitors,Determined,2022-01-15,,Yes,Yes,Yes,2022-02-04,168809.53,17600.0,0.5,0.5,8800.0,8800.0,No,,,Southern Metropolitan,construction works,0,0.8294583078236891,12.22350874932704,2,14,14,H,1
156,2021-12-22,2021-12-23,Construction works,3186,193029.75,0.0,s.18(1)(a)(i),Head contractor,Pty Ltd Company,Solicitors,Developer,Other,Solicitors,Determined,2022-01-15,,Yes,Yes,Yes,2022-02-04,135075.26,17600.0,0.5,0.5,8800.0,8800.0,No,,,Southern Metropolitan,construction works,0,0.6997639483033056,12.17059960108561,2,14,14,MH,1
158,2022-01-05,2022-01-06,Landscaping works,3630,1389461.62,0.0,s.18(1)(a)(i),Major subcontractor,Trust,Solicitors,Head contractor,Pty Ltd Company,Solicitors,Determined,2022-01-28,,Yes,Yes,Yes,2022-01-31,1025664.64,52800.0,0.5,0.5,26400.0,26400.0,No,,,Northern Victoria,landscaping works,0,0.7381741425862486,14.144426906336653,2,16,2,MH,1
159,2022-01-05,2022-01-07,Mechanical Services,3121,105835.0,,s.18(1)(b),Trade subcontractor,Trust,None,Major subcontractor,Pty Ltd Company,None,Determined,2022-01-17,,No,No,Yes,2022-01-18,105835.0,6954.55,0.0,1.0,0.0,6954.55,No,,,Northern Metropolitan,mechanical services,2,1.0,11.56963655655427,3,7,2,H,1
161,2022-01-10,2022-01-17,Shop drawings and steel supply,3109,6500.0,,s.18(1)(b),Consultant,Pty Ltd Company,Claim preparer,Head contractor,Pty Ltd Company,None,Determined,2022-02-01,,No,No,Yes,2022-02-03,6500.0,990.0,0.0,1.0,0.0,990.0,No,,,North-Eastern Metropolitan,shop drawings steel supply,1,1.0,8.779557455883728,6,11,3,H,1
162,2022-01-13,2022-01-19,Concreting works,3630,107714.05,0.0,s.18(1)(a)(i),Trade subcontractor,Pty Ltd Company,None,Major subcontractor,Pty Ltd Company,None,Determined,2022-02-03,,Yes,Yes,Yes,2022-02-15,11484.9,12760.0,0.5,0.5,6380.0,6380.0,No,,,Northern Victoria,concreting works,0,0.10662397338137411,11.587235309603473,5,11,9,L,0
163,2022-01-13,2022-01-17,Structural Steel,3931,123504.55,,s.18(1)(b),Major subcontractor,Pty Ltd Company,Solicitors,Head contractor,Pty Ltd Company,Solicitors,Determined,2022-02-03,,No,No,Yes,2022-02-04,123504.55,4662.56,0.0,1.0,0.0,4662.56,Yes,500.0,2022-02-17,Eastern Victoria,structural steel,6,1.0,11.724033276476778,3,13,2,H,1
167,2022-01-18,2022-01-21,Geotechnical investigations and design development works,3125,50000.0,0.0,s.18(1)(b),Trade subcontractor,Pty Ltd Company,None,Head contractor,Pty Ltd Company,None,Determined,2022-02-11,,No,Yes,Yes,2022-02-17,49425.0,4090.91,0.0,1.0,0.0,4090.91,No,,,Southern Metropolitan,geotechnical investigations design development works,0,0.9885,10.819778284410283,4,15,5,H,1
170,2022-01-21,2022-01-25,Structural Work,3056,391370.83,318315.7,s.18(1)(a)(i),Major subcontractor,Pty Ltd Company,None,Head contractor,Pty Ltd Company,None,Determined,2022-02-08,,Yes,No,Yes,2022-04-11,318315.7,11454.55,0.5,0.5,5727.27,5727.28,No,,,Northern Metropolitan,structural work,2,0.813335270796753,12.87741080382905,3,10,44,H,1
171,2022-01-24,2022-01-26,Construction works,3040,14587.05,,s.18(1)(b),Head contractor,Pty Ltd Company,None,Developer,Pty Ltd Company,None,Determined,2022-02-01,,No,No,Yes,2022-02-02,14587.05,1200.0,0.0,1.0,0.0,1200.0,No,,,Western Metropolitan,construction works,0,1.0,9.587889427789943,2,4,2,H,1
176,2022-02-01,2022-02-03,Internal and external painting,3136,7257.0,,s.18(1)(b),Major subcontractor,Pty Ltd Company,None,Head contractor,Pty Ltd Company,None,Determined,2022-02-16,,No,No,Yes,2022-02-18,0.0,1363.64,1.0,0.0,1363.64,0.0,No,,,North-Eastern Metropolitan,internal external painting,2,0.0,8.889721799278137,3,10,3,L,0
177,2022-02-02,2022-02-03,Supply and installation of walls in apartment building,3130,10236.86,,s.18(1)(b),Trade subcontractor,Pty Ltd Company,None,Head contractor,Pty Ltd Company,None,Determined,2022-02-15,,No,No,Yes,2022-02-15,0.0,2860.0,1.0,0.0,2860.0,0.0,No,,,North-Eastern Metropolitan,supply installation walls apartment building,1,0.0,9.233750210944649,2,9,1,L,0
179,2022-02-04,2022-02-10,Render and Painting,3168,22744.0,0.0,s.18(1)(a)(i),Trade subcontractor,Pty Ltd Company,None,Head contractor,Pty Ltd Company,None,Determined,2022-02-28,,No,No,Yes,2022-03-11,18544.0,3068.18,0.0,1.0,0.0,3068.18,No,,,Southern Metropolitan,render painting,2,0.8153359127682026,10.032056653330836,5,13,10,H,1
180,2022-02-04,2022-02-10,Render and Painting,3184,14031.82,0.0,s.18(1)(a)(i),Trade subcontractor,Pty Ltd Company,None,Head contractor,Pty Ltd Company,None,Determined,2022-02-28,,No,No,Yes,2022-03-11,0.0,1363.64,1.0,0.0,1363.64,0.0,No,,,Southern Metropolitan,render painting,2,0.0,9.549082886707566,5,13,10,L,0
181,2022-02-04,2022-02-10,Render and Painting,3162,7080.0,0.0,s.18(1)(a)(i),Trade subcontractor,Pty Ltd Company,None,Head contractor,Pty Ltd Company,None,Determined,2022-02-28,,No,No,Yes,2022-03-11,0.0,681.82,1.0,0.0,681.82,0.0,No,,,Southern Metropolitan,render painting,2,0.0,8.865029186687766,5,13,10,L,0
184,2022-02-09,2022-02-14,Concreting,3004,61843.75,,s.18(1)(b),Trade subcontractor,Pty Ltd Company,None,Major subcontractor,Pty Ltd Company,None,Determined,2022-02-22,,No,No,Yes,2022-02-23,61843.75,1704.55,0.0,1.0,0.0,1704.55,Yes,500.0,2022-03-03,Southern Metropolitan,concreting,2,1.0,11.032366321784977,4,7,2,H,1
185,2022-02-10,2022-02-14,Construction works,3910,19517.24,0.0,s.18(1)(a)(i),Trade subcontractor,Pty Ltd Company,Solicitors,Head contractor,Pty Ltd Company,Solicitors,Determined,2022-03-08,,Yes,Yes,Yes,2022-03-08,22788.96,2400.0,0.0,1.0,0.0,2400.0,No,,,Eastern Victoria,construction works,0,1.167632308666594,9.879053456527465,3,17,1,H,1
186,2022-02-11,2022-02-15,Civil works,3103,83452.57,17949.0,s.18(1)(a)(i),Major subcontractor,Pty Ltd Company,None,Developer,Pty Ltd Company,None,Determined,2022-02-28,,No,Yes,Yes,2022-02-28,22355.65,5000.0,0.5,0.5,2500.0,2500.0,No,,,Southern Metropolitan,civil works,0,0.2678845001418171,11.332033725500128,3,10,1,ML,0
187,2022-02-11,2022-02-16,Waterproofing,3078,29601.94,5476.0,s.18(1)(a)(i),Trade subcontractor,Pty Ltd Company,None,Head contractor,Pty Ltd Company,None,Determined,2022-02-25,,No,No,Yes,2022-03-01,0.0,2454.55,1.0,0.0,2454.55,0.0,No,,,Northern Metropolitan,waterproofing,2,0.0,10.295595178705005,4,8,3,L,0
188,2022-02-14,2022-02-14,Construction works,3910,26708.35,0.0,s.18(1)(a)(i),Trade subcontractor,Pty Ltd Company,Solicitors,Head contractor,Pty Ltd Company,Solicitors,Determined,2022-03-08,,Yes,Yes,Yes,2022-03-08,25517.44,2400.0,0.0,1.0,0.0,2400.0,No,,,Eastern Victoria,construction works,0,0.9554105738467558,10.192731529579628,1,17,1,H,1
189,2022-02-16,2022-02-17,Structural steel works,3065,16827.85,0.0,s.18(1)(b),Trade subcontractor,Pty Ltd Company,Solicitors,Head contractor,Pty Ltd Company,Solicitors,Determined,2022-03-04,,Yes,Yes,Yes,2022-03-07,0.0,1200.0,1.0,0.0,1200.0,0.0,No,,,Northern Metropolitan,structural steel works,6,0.0,9.730790530955447,2,12,2,L,0
195,2022-02-21,2022-02-24,Brickworks and Blockwork,3434,16516.84,12625.97,s.18(1)(b),Major subcontractor,Pty Ltd Company,None,Head contractor,Pty Ltd Company,None,Determined,2022-03-03,,Yes,No,Yes,2022-03-07,12625.97,1704.55,1.0,0.0,1704.55,0.0,No,,,Northern Victoria,brickworks blockwork,2,0.7644301210158844,9.712135745485009,4,6,3,H,1
200,2022-02-22,2022-02-28,Plastering works ,3190,108895.0,9436.0,s.18(1)(a)(i),Trade subcontractor,Pty Ltd Company,None,Head contractor,Pty Ltd Company,Solicitors,Determined,2022-03-15,,Yes,No,Yes,2022-03-21,36955.65,10431.82,0.0,1.0,0.0,10431.82,No,,,Southern Metropolitan,plastering works ,0,0.3393695761972543,11.59813939418471,5,11,5,ML,0
201,2022-02-23,2022-03-01,Structural steel works,3152,138687.5,1200.29,s.18(1)(a)(i),Major subcontractor,Pty Ltd Company,Solicitors,Head contractor,Pty Ltd Company,Solicitors,Determined,2022-03-23,,Yes,Yes,Yes,2022-03-23,10439.79,23320.0,0.5,0.5,11660.0,11660.0,No,,,North-Eastern Metropolitan,structural steel works,6,0.07527563767462822,11.839978479674949,5,16,1,L,0
202,2022-02-25,2022-02-28,Landscaping works,3925,303654.63,0.0,s.18(1)(a)(i),Major subcontractor,Pty Ltd Company,Solicitors,Head contractor,Pty Ltd Company,Solicitors,Determined,2022-03-13,,Yes,Yes,Yes,2022-03-15,273314.87,22880.0,0.25,0.75,5720.0,17160.0,No,,,Eastern Victoria,landscaping works,0,0.9000846455066402,12.623646249027686,2,10,1,H,1
205,2022-03-07,2022-03-10,Rigging at apartment building site,3121,6205.0,,s.18(1)(b),Trade subcontractor,Pty Ltd Company,Claim preparer,Head contractor,Pty Ltd Company,Solicitors,Determined,2022-03-17,,No,No,Yes,2022-03-17,0.0,1455.0,1.0,0.0,1455.0,0.0,,,,Northern Metropolitan,rigging apartment building site,2,0.0,8.733110697638708,4,5,1,L,0
206,2022-03-11,2022-03-16,Design and construction works,3351,45706.12,,s.18(1)(b),Head contractor,Pty Ltd Company,None,Developer,Pty Ltd Company,Solicitors,Determined,2022-03-25,,Yes,Yes,Yes,2022-03-28,45706.12,3500.0,0.0,1.0,0.0,3500.0,No,,,Western Victoria,design construction works,0,1.0,10.729987484765251,3,8,2,H,1
208,2022-03-16,2022-03-21,Data Cabling ,3010,34175.33,,s.18(1)(b),Other,Pty Ltd Company,None,Other,Pty Ltd Company,None,Determined,2022-03-25,,No,No,Yes,2022-03-29,0.0,,,,,,,,,Northern Metropolitan,data cabling ,2,0.0,10.439259317726949,4,5,3,L,0
209,2022-03-16,2022-03-22,Framing,3032,58040.0,1.0,s.18(1)(a)(i),Trade subcontractor,Pty Ltd Company,None,Head contractor,Pty Ltd Company,Solicitors,Determined,2022-04-05,,No,No,Yes,2022-04-05,55040.0,,,,,,,,,Northern Metropolitan,framing,2,0.9483115093039284,10.968887706998125,5,11,1,H,1
214,2022-03-17,2022-03-23,"Design, fabricate and install structural steel",3029,88990.64,0.0,s.18(1)(a)(i),Major subcontractor,Pty Ltd Company,Claim preparer,Head contractor,Pty Ltd Company,None,Determined,2022-04-05,,No,No,Yes,2022-04-06,88109.0,8181.82,0.0,1.0,0.0,8181.82,No,,,Western Metropolitan,design fabricate install structural steel,6,0.9900928906680523,11.396286474644352,5,10,2,H,1
217,2022-03-23,2022-03-29,Concreting /surveying ,3004,32732.5,,s.18(1)(b),Trade subcontractor,Pty Ltd Company,None,Head contractor,Pty Ltd Company,None,Determined,2022-04-06,,No,No,Yes,2022-04-08,32732.5,1363.64,0.0,1.0,0.0,1363.64,Yes,300.0,2022-05-06,Southern Metropolitan,concreting surveying ,2,1.0,10.396123747101909,5,7,3,H,1
219,2022-03-23,2022-03-25,Structural steel works,3143,17940.0,0.0,s.18(1)(a)(i),Trade subcontractor,Pty Ltd Company,None,Head contractor,Pty Ltd Company,None,Determined,2022-04-04,,Yes,Yes,Yes,2022-04-04,17940.0,2380.0,0.0,1.0,0.0,2380.0,Yes,0.0,2022-04-12,Southern Metropolitan,structural steel works,6,1.0,9.794788135612787,3,7,1,H,1
222,2022-03-25,2022-03-31,Design and construction for part demolition and construction ,3810,264887.83,0.0,s.18(1)(a)(i),Head contractor,Pty Ltd Company,None,Other,Pty Ltd Company,None,Determined,2022-04-13,,Yes,No,Yes,2022-05-17,0.0,22027.5,0.5,0.5,11013.75,11013.75,No,,,Eastern Victoria,design construction part demolition construction ,2,0.0,12.487061732339948,5,10,22,L,0
225,2022-03-25,2022-03-30,"Sewer, Storm Water, Fire",3978,136795.72,0.0,s.18(1)(a)(i),Other,Pty Ltd Company,Solicitors,Head contractor,Pty Ltd Company,Consultant,Determined,2022-04-13,,Yes,No,Yes,2022-05-03,32349.72,12681.82,1.0,0.0,12681.82,0.0,No,,,South-Eastern Metropolitan,sewer storm water fire,4,0.23648196010810865,11.826243997131446,4,11,12,L,0
227,2022-03-28,2022-03-30,Structural steel works,3123,28824.55,0.0,s.18(1)(a)(i),Trade subcontractor,Pty Ltd Company,Solicitors,Head contractor,Pty Ltd Company,None,Determined,2022-04-08,,Yes,Yes,Yes,2022-04-08,28824.55,3500.0,0.0,1.0,0.0,3500.0,No,,,Southern Metropolitan,structural steel works,6,1.0,10.268982733567004,3,8,1,H,1
228,2022-03-30,2022-04-05,Plastering and Framing,3032,126580.91,,s.18(1)(b),Trade subcontractor,Pty Ltd Company,None,Head contractor,Pty Ltd Company,None,Determined,2022-04-27,,No,No,Yes,2022-05-03,62096.48,11965.91,0.4,0.6,4786.37,7179.54,No,,,Northern Metropolitan,plastering framing,2,0.49056749552519413,11.748636987432858,5,14,5,ML,0
229,2022-03-30,2022-04-04,Shop Fit out,3163,12772.0,,s.18(1)(b),Trade Contractor,Pty Ltd Company,Claim preparer,Head contractor,Trust,Solicitors,Determined,2022-04-20,,No,No,Yes,2022-04-21,12772.0,990.0,0.0,1.0,0.0,990.0,No,,,Southern Metropolitan,shop fit,2,1.0,9.455010553834672,4,11,2,H,1
230,2022-04-05,2022-04-06,Electrical supply and installation,3996,5004.55,0.0,s.18(1)(a)(i),Head contractor,Pty Ltd Company,None,Developer,Other,None,Determined,2022-04-22,,No,No,Yes,2022-04-22,5004.55,600.0,0.0,1.0,0.0,600.0,Yes,0.0,2022-05-02,Eastern Victoria,electrical supply installation,1,1.0,8.518102777617257,2,11,1,H,1
231,2022-04-05,2022-04-08,Supply and Install balustrading and louvred slat panels,3140,18072.73,0.0,s.18(1)(a)(i),Consultant,Pty Ltd Company,Claim preparer,Major subcontractor,Pty Ltd Company,Solicitors,Determined,2022-04-27,,No,No,Yes,2022-04-29,18072.73,1813.64,0.0,1.0,0.0,1813.64,Yes,300.0,2022-05-11,Eastern Victoria,supply install balustrading louvred slat panels,1,1.0,9.802159451311661,4,11,3,H,1
232,2022-04-06,2022-04-11,Alterations in existing dwelling,3103,12727.27273,,s.18(1)(b),Head contractor,Sole Trader,Solicitors,Head contractor,Pty Ltd Company,None,Determined,2022-04-21,,No,No,Yes,2022-04-22,12727.27,990.0,0.0,1.0,0.0,990.0,Yes,100.0,2022-05-05,Southern Metropolitan,alterations existing dwelling,2,0.9999997855,9.451502429007357,4,7,2,H,1
233,2022-04-06,2022-04-12,Concrete structure works ,3057,241314.0,,s.18(1)(b),Major subcontractor,Pty Ltd Company,Solicitors,Head contractor,Pty Ltd Company,Solicitors,Determined,2022-05-02,,No,No,Yes,2022-05-03,241314.0,2045.45,0.0,1.0,0.0,2045.45,Yes,500.0,2022-05-16,Northern Metropolitan,concrete structure works ,0,1.0,12.393854268993488,5,12,2,H,1
238,2022-04-08,2022-04-14,Providing Site Engineer and a Project Engineer ,3030,42300.0,,s.18(1)(b),Consultant,Pty Ltd Company,None,Head contractor,Pty Ltd Company,Solicitors,Determined,2022-05-03,,No,No,Yes,2022-05-04,42300.0,2147.73,0.0,1.0,0.0,2147.73,Yes,500.0,2022-05-13,Western Metropolitan,providing site engineer project engineer ,2,1.0,10.65254236503437,5,11,2,H,1
239,2022-04-09,2022-04-13,Supply of structural steel,3123,75649.91,28072.64,s.18(1)(b),Trade subcontractor,Pty Ltd Company,None,Head contractor,Pty Ltd Company,Solicitors,Determined,2022-05-02,,No,Yes,Yes,2022-05-02,0.0,5000.0,1.0,0.0,5000.0,0.0,No,,,Southern Metropolitan,supply structural steel,6,0.0,11.233871529526436,3,11,1,L,0
240,2022-04-10,2022-04-14,Steel Fabrication,3195,31280.64,0.0,s.18(1)(a)(i),Manufacturer of building materials or components,Pty Ltd Company,None,Head contractor,Other,None,Determined,2022-05-05,,No,No,Yes,2022-05-09,20475.14,2897.73,0.0,1.0,0.0,2897.73,No,,,South-Eastern Metropolitan,steel fabrication,6,0.6545626943694247,10.350754654807993,4,13,3,MH,1
241,2022-04-11,2022-04-19,Commercial Contracts Officer,3840,132500.0,,s.18(1)(b),Major subcontractor,Pty Ltd Company,None,Developer,Pty Ltd Company,Solicitors,Determined,2022-05-03,,No,No,Yes,2022-05-12,115000.0,1534.09,0.0,1.0,0.0,1534.09,No,,,Eastern Victoria,commercial contracts officer,2,0.8679245283018868,11.794337924408413,5,10,8,H,1
242,2022-04-11,2022-04-12,"Design, fabrication and supply of steel framing for multi-unit development",3078,53679.39,0.0,s.18(1)(a)(i),Trade subcontractor,Pty Ltd Company,Claim preparer,Head contractor,Pty Ltd Company,None,Determined,2022-05-09,,No,No,Yes,2022-05-11,53218.0,7260.0,0.1,0.9,726.0,6534.0,No,,,Northern Metropolitan,design fabrication supply steel framing multiunit development,6,0.9914047085855484,10.890784407944633,2,17,3,H,1
243,2022-04-11,2022-04-19,Engineering Advisor ,3840,107590.91,,s.18(1)(b),Major subcontractor,Pty Ltd Company,None,Developer,Pty Ltd Company,Solicitors,Determined,2022-05-03,,No,No,Yes,2022-05-12,107590.91,1534.09,0.0,1.0,0.0,1534.09,No,,,Eastern Victoria,engineering advisor ,2,1.0,11.58609144358732,5,10,8,H,1
244,2022-04-11,2022-04-19,Engineering Advisor ,3840,900000.0,,s.18(1)(b),Major subcontractor,Pty Ltd Company,None,Developer,Pty Ltd Company,None,Determined,2022-05-03,,No,No,Yes,2022-05-12,900000.0,1636.36,0.0,1.0,0.0,1636.36,No,,,Eastern Victoria,engineering advisor ,2,1.0,13.710150042306449,5,10,8,H,1
245,2022-04-11,2022-04-19,Engineering Advisor ,3840,284500.0,,s.18(1)(b),Major subcontractor,Pty Ltd Company,None,Developer,Pty Ltd Company,Solicitors,Determined,2022-05-03,,No,No,Yes,2022-05-12,226500.0,1943.18,0.0,1.0,0.0,1943.18,No,,,Eastern Victoria,engineering advisor ,2,0.7961335676625659,12.558488532548523,5,10,8,H,1
247,2022-04-11,2022-04-19,Project Director Accelerator Program,3840,14800.0,,s.18(1)(b),Major subcontractor,Pty Ltd Company,None,Developer,Pty Ltd Company,Solicitors,Determined,2022-05-03,,No,No,Yes,2022-05-12,14800.0,1431.82,0.0,1.0,0.0,1431.82,No,,,Eastern Victoria,project director accelerator program,2,1.0,9.602382459752207,5,10,8,H,1
248,2022-04-11,2022-04-19,Security Co-ordinator,3840,273000.0,,s.18(1)(b),Major subcontractor,Pty Ltd Company,None,Developer,Pty Ltd Company,None,Determined,2022-05-03,,No,No,Yes,2022-05-12,273000.0,1534.09,0.0,1.0,0.0,1534.09,No,,,Eastern Victoria,security coordinator,2,1.0,12.517227074167097,5,10,8,H,1
249,2022-04-12,2022-04-20,New building ,3044,345454.55,0.0,s.18(1)(a)(i),Head contractor,Pty Ltd Company,Solicitors,Developer,Pty Ltd Company,Solicitors,Determined,2022-05-12,,Yes,Yes,Yes,2022-05-16,0.0,7261.36,1.0,0.0,7261.36,0.0,No,,,Northern Metropolitan,new building ,2,0.0,12.752616365056138,5,16,3,L,0
251,2022-04-12,2022-04-20,Structural Steel ,3995,379391.64,63133.87,s.18(1)(a)(i),Major subcontractor,Pty Ltd Company,Solicitors,Head contractor,Pty Ltd Company,Solicitors,Determined,2022-05-05,,Yes,Yes,Yes,2022-05-09,66245.87,25363.64,1.0,0.0,25363.64,0.0,No,,,Eastern Victoria,structural steel ,6,0.17461077951005982,12.846324301448504,5,11,3,L,0
252,2022-04-12,2022-04-20,Thermal springs,3939,28264.53,0.0,s.18(1)(a)(i),Trade subcontractor,Trust,Claim preparer,Head contractor,Pty Ltd Company,Solicitors,Determined,2022-05-09,,Yes,Yes,Yes,2022-05-19,24452.57,5454.55,0.2,0.8,1090.91,4363.64,No,,,Eastern Victoria,thermal springs,2,0.8651327299622531,10.249362940632203,5,13,9,H,1
253,2022-04-14,2022-04-21,Mechanical Services ,3066,38948.0,18765.0,s.18(1)(a)(i),Trade subcontractor,Pty Ltd Company,None,Head contractor,Pty Ltd Company,None,Determined,2022-05-06,,No,No,Yes,2022-05-09,0.0,,,,,,No,,,Northern Metropolitan,mechanical services ,2,0.0,10.569982702098647,4,11,2,L,0
255,2022-04-14,2022-04-22,Structural Steel Fabrication ,3356,19884.95,,s.18(1)(b),Major subcontractor,Pty Ltd Company,None,Head contractor,Pty Ltd Company,Solicitors,Determined,2022-04-29,,No,No,Yes,2022-05-10,18017.94,1980.0,0.0,1.0,0.0,1980.0,Yes,300.0,2022-06-01,Western Victoria,structural steel fabrication ,6,0.906109394290657,9.897718443180496,5,5,8,H,1
256,2022-04-19,2022-04-20,Concreting works,3806,15624.0,,s.18(1)(b),Trade subcontractor,Pty Ltd Company,None,Head contractor,Sole Trader,None,Determined,2022-05-04,,No,No,Yes,2022-05-05,15624.0,1200.0,0.0,1.0,0.0,1200.0,Yes,0.0,2022-05-17,South-Eastern Metropolitan,concreting works,0,1.0,9.656563472556515,2,10,2,H,1
257,2022-04-19,2022-04-20,Construction works,3438,310802.05,0.0,s.18(1)(a)(i),Head contractor,Pty Ltd Company,Solicitors,Developer,Pty Ltd Company,Solicitors,Determined,2022-05-03,,Yes,Yes,Yes,2022-05-03,298700.13,24640.0,0.25,0.75,6160.0,18480.0,No,,,Northern Victoria,construction works,0,0.9610622902905563,12.646911493335473,2,9,1,H,1
258,2022-04-20,2022-04-26,Design and construct contract,3000,34409879.0,0.0,s.18(1)(a)(i),Head contractor,Pty Ltd Company,Solicitors,Developer,Pty Ltd Company,Solicitors,Determined,2022-05-16,,Yes,Yes,Yes,2022-05-20,11073883.0,47454.55,0.0,1.0,0.0,47454.55,No,,,Northern Metropolitan,design construct contract,2,0.3218227823468952,17.353854261347834,4,15,5,ML,0
259,2022-04-20,2022-04-26,Roofing works,3820,33487.42,0.0,s.18(1)(a)(i),Trade subcontractor,Pty Ltd Company,None,Head contractor,Pty Ltd Company,None,Determined,2022-05-09,,No,Yes,Yes,2022-05-09,0.0,500.0,1.0,0.0,500.0,0.0,No,,,Eastern Victoria,roofing works,0,0.0,10.418925124898909,4,10,1,L,0
260,2022-04-20,2022-04-26,Roofing works,3820,17611.81,0.0,s.18(1)(a)(i),Trade subcontractor,Pty Ltd Company,None,Head contractor,Pty Ltd Company,None,Determined,2022-05-09,,No,Yes,Yes,2022-05-09,5220.9,3500.0,0.0,1.0,0.0,3500.0,No,,,Eastern Victoria,roofing works,0,0.2964431253800716,9.77632497871843,4,10,1,ML,0
263,2022-04-26,2022-04-27,Demolition works,3004,499412.4,184591.32,s.18(1)(a)(i),Major subcontractor,Pty Ltd Company,Solicitors,Head contractor,Pty Ltd Company,Solicitors,Determined,2022-05-18,,Yes,Yes,Yes,2022-05-18,499412.4,33300.0,0.25,0.72,8325.0,24975.0,Yes,0.0,2022-05-26,Southern Metropolitan,demolition works,0,1.0,13.12118748631531,2,16,1,H,1
264,2022-04-26,2022-04-29,Provision Of Carpentry ,3793,12480.0,,s.18(1)(b),Trade subcontractor,Pty Ltd Company,None,Head contractor,Pty Ltd Company,Solicitors,Determined,2022-05-06,,No,No,Yes,2022-05-06,0.0,,,,,,No,,,Eastern Victoria,provision carpentry ,2,0.0,9.43188264192342,4,6,1,L,0
265,2022-04-26,2022-04-28,Structural steel works,3079,39531.53,0.0,s.18(1)(a)(i),Trade subcontractor,Pty Ltd Company,None,Head contractor,Pty Ltd Company,None,Determined,2022-05-11,,No,No,Yes,2022-05-12,37736.07,5000.0,0.5,0.5,2500.0,2500.0,Yes,0.0,2022-05-23,North-Eastern Metropolitan,structural steel works,6,0.9545815707107719,10.5848538603229,3,10,2,H,1
268,2022-04-27,2022-04-28,Supply of precast panels,3066,122720.78,79009.47,s.18(1)(a)(i),Major subcontractor,Pty Ltd Company,None,Head contractor,Pty Ltd Company,None,Determined,2022-05-13,,Yes,Yes,Yes,2022-05-13,97433.71,7480.0,0.0,1.0,0.0,7480.0,No,,,Northern Metropolitan,supply precast panels,1,0.7939463064038544,11.717666972513088,2,12,1,H,1
270,2022-04-29,2022-05-02,Cladding works,3011,23862.4,0.0,s.18(1)(a)(i),Head contractor,Pty Ltd Company,None,Developer,Other,None,Determined,2022-05-18,,No,Yes,Yes,2022-05-18,23862.4,2400.0,0.0,1.0,0.0,2400.0,Yes,0.0,2022-05-24,Western Metropolitan,cladding works,0,1.0,10.080059277349475,2,13,1,H,1
271,2022-04-29,2022-05-02,Cladding works,3011,23862.4,0.0,s.18(1)(a)(i),Head contractor,Pty Ltd Company,None,Developer,Other,None,Determined,2022-05-16,,No,No,Yes,2022-05-16,23862.4,3500.0,0.0,1.0,0.0,3500.0,Yes,0.0,2022-05-24,Western Metropolitan,cladding works,0,1.0,10.080059277349475,2,11,1,H,1
273,2022-05-03,2022-05-04,Electrical works,3658,8745.45,,s.18(1)(b),Head contractor,Pty Ltd Company,None,Developer,Other,None,Determined,2022-05-20,,Yes,Yes,Yes,2022-05-26,8245.45,1200.0,0.0,1.0,0.0,1200.0,No,,,Northern Victoria,electrical works,0,0.942827413111961,9.076288844104772,2,13,5,H,1
274,2022-05-03,2022-05-09,Provision of carpentry labour at various sites across Melbourne Victoria ,3089,14619.09,,s.18(1)(b),Trade subcontractor,Sole Trader,None,Head contractor,Pty Ltd Company,Solicitors,Determined,2022-05-12,,No,No,Yes,2022-05-13,0.0,,,,,,No,,,North-Eastern Metropolitan,provision carpentry labour various sites across melbourne victoria ,2,0.0,9.59008348786451,5,4,2,L,0
281,2022-05-06,2022-05-11,Concreting/Surveying ,3004,24867.5,,s.18(1)(b),Trade subcontractor,Pty Ltd Company,None,Head contractor,Pty Ltd Company,None,Determined,2022-05-30,,No,No,Yes,2022-06-01,24867.5,1295.45,0.0,1.0,0.0,1295.45,No,,,Southern Metropolitan,concretingsurveying ,2,1.0,10.12131700902657,4,14,3,H,1
282,2022-05-09,2022-05-11,Structural steel works,3122,75649.91,,s.18(1)(b),Trade subcontractor,Pty Ltd Company,None,Head contractor,Pty Ltd Company,Solicitors,Determined,2022-05-19,,No,No,Yes,2022-05-19,74614.91,4080.0,0.0,1.0,0.0,4080.0,No,,,Southern Metropolitan,structural steel works,6,0.9863185560961011,11.233871529526436,3,7,1,H,1
284,2022-05-12,2022-05-13,Cabinetry works,3201,1153.0,,s.18(1)(b),Trade subcontractor,Pty Ltd Company,None,Head contractor,Sole Trader,None,Determined,2022-05-20,,No,No,Yes,2022-05-20,1153.0,200.0,0.0,1.0,0.0,200.0,No,,,South-Eastern Metropolitan,cabinetry works,0,1.0,7.050122520269059,2,6,1,H,1
285,2022-05-12,2022-05-24,Concrete structure works,3057,33000.0,,s.18(1)(b),Major subcontractor,Pty Ltd Company,Solicitors,Head contractor,Pty Ltd Company,None,Determined,2022-05-27,,No,No,Yes,2022-05-30,33000.0,1704.55,0.0,1.0,0.0,1704.55,Yes,300.0,2022-06-20,Northern Metropolitan,concrete structure works,0,1.0,10.404262840448617,9,4,2,H,1
286,2022-05-12,2022-05-16,Plumbing works,3806,2610.23,0.0,s.18(1)(a)(i),Trade subcontractor,Trust,None,Major subcontractor,Trust,None,Determined,2022-05-23,,Yes,No,Yes,2022-05-24,2610.23,1200.0,0.0,1.0,0.0,1200.0,Yes,0.0,2022-06-01,South-Eastern Metropolitan,plumbing works,0,1.0,7.867193619039535,3,6,2,H,1
287,2022-05-13,2022-05-13,Construction works,3438,50204.82,0.0,s.18(1)(a)(i),Head contractor,Pty Ltd Company,Solicitors,Developer,Pty Ltd Company,Solicitors,Determined,2022-05-26,,Yes,Yes,Yes,2022-05-26,48077.32,9680.0,0.0,1.0,0.0,9680.0,No,,,Northern Victoria,construction works,0,0.9576235907229624,10.823866317006841,1,10,1,H,1
288,2022-05-16,2022-05-17,Construction works,3931,109858.2,52517.58,s.18(1)(a)(i),Head contractor,Pty Ltd Company,Solicitors,Developer,Other,Solicitors,Determined,2022-06-01,,Yes,Yes,Yes,2022-06-01,95308.89,14080.0,0.5,0.5,7040.0,7040.0,No,,,Eastern Victoria,construction works,0,0.8675628218922211,11.606945722273034,2,12,1,H,1
291,2022-05-19,2022-05-25,"Plumbing and Civil: Civil stormwater, sewer, water and fire service",3059,656023.07,-7419.0,s.18(1)(a)(i),Trade subcontractor,Pty Ltd Company,None,Head contractor,Pty Ltd Company,None,Determined,2022-06-15,,No,Yes,Yes,2022-07-04,443868.67,32670.0,0.0,1.0,0.0,32670.0,No,,,Northern Metropolitan,plumbing civil civil stormwater sewer water fire service,4,0.6766052754821564,13.393951234990784,5,15,14,MH,1
292,2022-05-19,2022-05-25,Plumbing and Civil: Design and construction,3978,779466.18,0.0,s.18(1)(a)(i),Trade subcontractor,Pty Ltd Company,None,Head contractor,Pty Ltd Company,None,Determined,2022-06-15,,No,Yes,Yes,2022-07-04,537106.7,32670.0,0.0,1.0,0.0,32670.0,No,,,South-Eastern Metropolitan,plumbing civil design construction,2,0.6890699221870022,13.566364579752333,5,15,14,MH,1
297,2022-05-24,2022-05-27,Carpentry for (various locations),3793,12480.0,0.0,s.18(1)(a)(i),Trade subcontractor,Pty Ltd Company,None,Head contractor,Pty Ltd Company,None,Determined,2022-06-09,,No,No,Yes,2022-06-10,12480.0,2045.45,0.0,1.0,0.0,2045.45,No,,,Eastern Victoria,carpentry various locations,2,1.0,9.43188264192342,4,10,2,H,1
299,2022-05-24,2022-05-25,Design and fit out of joinery for mixed development project,3206,11863.64,6220.0,s.18(1)(a)(i),Trade subcontractor,Pty Ltd Company,Claim preparer,Head contractor,Pty Ltd Company,None,Determined,2022-06-01,,Yes,No,Yes,2022-06-01,11863.64,1452.5,0.0,1.0,0.0,1452.5,No,,,Southern Metropolitan,design fit joinery mixed development project,2,1.0,9.381233539459878,2,6,1,H,1
301,2022-05-27,2022-05-30,Construction works,3000,415707.6,0.0,s.18(1)(a)(i),Head contractor,Pty Ltd Company,None,Developer,Trust,None,Determined,2022-06-20,,Yes,Yes,Yes,2022-06-20,415707.6,28160.0,0.0,1.0,0.0,28160.0,No,,,Northern Metropolitan,construction works,0,1.0,12.937737407488811,2,15,1,H,1
302,2022-05-27,2022-06-01,Shop Fit Out ,3013,33457.96,0.0,s.18(1)(a)(i),Trade subcontractor,Pty Ltd Company,Claim preparer,Head contractor,Pty Ltd Company,Solicitors,Determined,2022-06-17,,Yes,Yes,Yes,2022-06-23,31185.24,4772.73,0.0,1.0,0.0,4772.73,No,,,Western Metropolitan,shop fit ,2,0.932072367831153,10.418045004361788,4,12,5,H,1
303,2022-06-06,2022-06-09,Precast supply and installation,3205,33589.04,0.0,s.18(1)(a)(i),Major subcontractor,Pty Ltd Company,None,Head contractor,Pty Ltd Company,Solicitors,Determined,2022-06-21,,Yes,Yes,Yes,2022-06-21,0.0,0.0,0.0,0.0,0.0,0.0,No,,,Southern Metropolitan,precast supply installation,1,0.0,10.42195510226342,4,8,1,L,0
304,2022-06-08,2022-06-09,Landscaping works,3188,39691.82,,s.18(1)(b),Trade subcontractor,Sole Trader,None,Head contractor,Pty Ltd Company,None,Determined,2022-06-20,,No,No,Yes,2022-06-22,39691.82,3500.0,0.0,1.0,0.0,3500.0,Yes,0.0,2022-06-30,Southern Metropolitan,landscaping works,0,1.0,10.588900400104974,2,7,3,H,1
305,2022-06-10,2022-06-15,Concreting works,3142,10265.0,3537.35,s.18(1)(b),Trade subcontractor,Pty Ltd Company,None,Head contractor,Pty Ltd Company,None,Determined,2022-06-22,,No,No,Yes,2022-06-22,10265.0,1200.0,0.0,1.0,0.0,1200.0,Yes,0.0,2022-07-01,Southern Metropolitan,concreting works,0,1.0,9.236495329453033,3,6,1,H,1
308,2022-06-10,2022-06-15,Supply and delivery of precast panels,3714,82815.5,29597.5,s.18(1)(a)(i),Trade subcontractor,Pty Ltd Company,None,Head contractor,Pty Ltd Company,None,Determined,2022-06-29,,No,Yes,Yes,2022-06-29,78835.5,5000.0,0.0,1.0,0.0,5000.0,No,,,Northern Victoria,supply delivery precast panels,1,0.9519413636336194,11.324370520921612,3,11,1,H,1
313,2022-06-20,2022-06-22,Light gauge steel works,3051,70582.1,0.0,s.18(1)(a)(i),Trade subcontractor,Trust,Solicitors,Head contractor,Pty Ltd Company,None,Determined,2022-07-06,,Yes,Yes,Yes,2022-07-07,8450.0,5000.0,0.5,0.5,2500.0,2500.0,No,,,Northern Metropolitan,light gauge steel works,6,0.11971873888705492,11.164531850257873,3,11,2,L,0
318,2022-06-22,2022-06-23,Concreting works,3195,463390.82,0.0,s.18(1)(a)(i),Major subcontractor,Pty Ltd Company,Solicitors,Head contractor,Pty Ltd Company,Solicitors,Determined,2022-07-12,,Yes,Yes,Yes,2022-07-13,241178.42,26400.0,0.5,0.5,13200.0,13200.0,No,,,South-Eastern Metropolitan,concreting works,0,0.5204643890010596,13.046326080684924,2,14,2,MH,1
